PatientID,Age,Gender,BMI,Glucose,BloodPressure,SkinThickness,Insulin,HbA1c,ExerciseHours,DietScore,Smoking,AlcoholConsumption,FamilyHistory,Diabetes
1,58,1,20.6,110,83,35.0,85.0,4.9,0.6,10,0,1,0,0
2,66,1,26.3,102,63,20.0,127.0,4.1,0.2,4,1,1,0,0
3,79,0,29.5,111,75,,154.0,4.7,1.7,6,0,0,1,1
4,76,1,28.5,70,61,33.0,88.0,4.0,2.3,9,0,0,0,1
5,30,0,29.1,128,70,,140.0,6.7,1.2,7,0,0,0,1
6,20,0,26.2,145,84,50.0,65.0,5.0,0.3,7,0,1,0,0
7,48,1,25.5,118,88,29.0,32.0,6.6,0.3,4,1,1,1,0
8,71,0,27.7,70,84,21.0,103.0,6.0,1.2,8,1,0,1,1
9,68,0,25.2,174,78,28.0,118.0,4.1,12.7,7,0,1,0,1
10,67,1,30.5,85,91,,172.0,5.5,0.8,7,0,1,0,1
11,44,1,28.3,70,83,38.0,24.0,5.7,0.3,5,1,1,0,1
12,43,1,21.5,107,90,27.0,47.0,6.8,0.8,1,0,1,0,0
13,52,1,24.0,77,69,17.0,115.0,5.9,6.7,2,0,1,0,1
14,36,1,27.0,93,89,30.0,,4.5,5.7,3,0,1,1,0
15,51,0,29.2,102,90,36.0,,7.2,1.0,7,0,0,0,0
16,70,0,27.0,102,75,44.0,,4.4,12.0,6,0,0,0,1
17,52,1,22.1,120,71,27.0,123.0,4.7,2.3,7,0,0,1,1
18,42,0,18.0,77,100,22.0,101.0,5.9,3.8,8,1,1,0,0
19,22,1,20.3,107,76,17.0,162.0,6.2,1.3,5,0,1,0,0
20,24,0,23.1,94,81,31.0,128.0,4.0,3.1,1,1,2,0,1
21,48,0,22.8,70,81,21.0,194.0,4.0,1.5,10,0,2,0,1
22,40,0,22.2,75,73,32.0,157.0,5.5,1.4,7,0,2,0,0
23,54,0,27.5,70,60,,,5.1,0.2,9,1,0,1,1
24,31,0,33.1,70,83,,144.0,5.6,5.5,8,0,2,0,0
25,67,0,29.6,86,72,39.0,0.0,7.4,7.1,7,0,0,0,1
26,22,0,26.9,84,63,17.0,,4.0,4.9,5,0,2,1,0
27,66,0,22.2,71,97,18.0,111.0,4.8,0.3,5,0,0,0,0
28,73,0,18.0,70,84,31.0,178.0,6.4,1.6,8,1,1,0,1
29,66,0,30.5,80,94,21.0,78.0,5.6,0.1,1,0,0,0,1
30,29,1,25.9,70,72,18.0,73.0,4.5,6.3,8,0,0,0,0
31,78,1,25.7,135,92,27.0,59.0,5.2,0.1,5,0,1,0,0
32,71,0,18.0,145,81,41.0,37.0,4.0,1.8,2,0,0,0,1
33,42,0,18.0,145,69,31.0,75.0,7.5,6.2,2,0,0,1,0
34,31,1,19.8,70,66,25.0,66.0,5.6,0.5,1,0,2,0,0
35,41,1,18.9,141,100,23.0,155.0,5.9,2.2,2,0,1,0,1
36,45,1,19.3,151,91,25.0,209.0,5.6,2.7,8,0,1,0,0
37,78,1,18.0,99,73,12.0,191.0,5.5,0.3,8,1,0,0,0
38,23,0,24.8,83,89,30.0,61.0,5.6,2.5,3,1,0,1,1
39,31,0,28.9,123,80,16.0,108.0,6.1,2.7,6,0,0,0,1
40,43,1,28.0,70,68,27.0,125.0,6.1,5.5,8,1,1,1,1
41,33,1,23.9,118,101,,226.0,5.0,6.9,6,0,1,0,0
42,58,0,18.5,70,71,34.0,185.0,7.5,2.6,6,1,1,1,0
43,24,0,23.4,108,60,32.0,255.0,4.4,2.1,8,0,0,0,0
44,24,1,30.4,70,98,32.0,117.0,5.8,2.1,9,0,1,0,1
45,56,1,29.8,120,72,,100.0,4.9,0.5,4,0,2,1,0
46,71,0,27.1,126,60,23.0,158.0,7.0,1.8,3,0,1,0,0
47,62,1,22.3,80,85,25.0,257.0,4.0,5.9,8,0,1,0,1
48,64,0,27.7,177,67,39.0,0.0,4.0,2.5,4,0,2,1,0
49,79,0,28.7,138,89,14.0,89.0,6.1,3.2,8,0,0,0,0
50,50,0,26.0,70,101,13.0,71.0,7.1,0.9,5,0,1,0,0
51,63,1,25.7,71,80,28.0,116.0,4.0,2.2,9,0,1,0,1
52,42,0,24.3,106,68,29.0,18.0,6.7,0.7,10,0,0,0,1
53,72,0,29.7,108,97,20.0,9.0,4.3,9.6,1,0,1,0,0
54,54,1,21.8,162,76,26.0,131.0,6.2,0.2,2,0,1,0,0
55,59,1,21.8,98,76,18.0,160.0,6.7,2.2,8,1,1,1,1
56,78,1,30.5,104,75,26.0,88.0,4.0,0.4,7,0,2,1,1
57,58,0,28.8,85,81,20.0,94.0,5.1,0.2,5,0,1,0,1
58,52,1,26.3,130,78,14.0,0.0,5.0,8.1,7,0,0,0,1
59,63,0,21.8,94,83,4.0,8.0,5.1,5.7,2,0,0,0,0
60,77,0,25.9,130,77,25.0,160.0,4.2,14.2,8,1,1,0,1
61,45,0,27.2,81,74,23.0,,4.1,4.3,1,0,2,0,1
62,60,1,18.9,82,75,28.0,140.0,6.3,0.3,8,0,0,0,0
63,67,0,28.6,101,102,33.0,186.0,5.7,4.0,8,1,1,1,1
64,46,1,27.9,106,78,25.0,153.0,4.8,7.2,2,1,2,0,0
65,68,0,19.6,122,88,47.0,102.0,5.8,4.3,10,0,2,0,1
66,23,0,22.2,115,73,23.0,231.0,4.8,3.1,4,1,0,0,0
67,77,0,18.2,88,65,23.0,159.0,6.7,0.7,2,1,0,0,0
68,54,1,22.7,112,88,13.0,274.0,4.0,0.7,5,0,1,0,0
69,43,1,31.6,145,84,9.0,86.0,4.9,3.2,5,0,1,0,0
70,50,1,24.9,131,67,29.0,149.0,5.5,0.3,1,0,1,0,1
71,59,1,29.1,103,63,14.0,175.0,6.2,0.1,1,1,0,1,1
72,27,1,30.5,138,87,,,6.3,2.7,6,0,1,0,1
73,42,1,20.9,84,87,36.0,298.0,5.4,3.8,6,0,1,0,0
74,26,1,22.0,134,77,39.0,165.0,5.5,2.4,3,0,1,0,1
75,25,0,27.6,70,98,,82.0,6.0,3.8,7,0,0,0,0
76,33,1,24.4,154,91,28.0,77.0,4.5,5.9,5,0,1,0,0
77,22,1,25.3,70,92,20.0,27.0,5.0,2.9,1,0,0,0,0
78,75,1,29.8,105,93,20.0,123.0,4.0,0.6,5,0,1,0,0
79,53,0,28.7,110,92,0.0,245.0,5.3,0.5,4,1,0,0,1
80,74,0,32.7,105,84,49.0,117.0,5.7,0.1,8,1,2,0,1
81,60,1,21.0,87,61,34.0,100.0,5.7,1.0,4,0,1,1,1
82,20,1,24.4,129,64,36.0,32.0,6.9,1.4,9,0,1,0,0
83,33,1,25.0,149,87,,125.0,4.1,0.8,4,0,1,1,1
84,41,0,26.6,99,69,,61.0,6.7,2.3,10,0,1,0,0
85,50,1,25.4,70,73,28.0,24.0,6.0,9.9,4,0,2,0,1
86,47,0,25.3,117,94,20.0,55.0,5.7,2.4,5,0,1,1,1
87,29,0,20.4,92,86,21.0,268.0,4.0,0.6,5,0,1,0,0
88,54,0,19.5,76,100,42.0,87.0,6.2,1.0,4,0,2,0,0
89,23,0,22.0,101,73,32.0,182.0,5.6,3.2,6,0,1,0,0
90,71,1,22.9,75,82,26.0,143.0,4.7,1.6,9,1,0,0,1
91,42,1,28.5,123,89,13.0,106.0,5.0,4.7,1,0,1,0,0
92,20,0,20.3,83,90,29.0,88.0,7.5,1.5,1,0,2,0,1
93,35,0,23.0,93,66,21.0,58.0,7.1,11.1,10,1,0,1,0
94,22,0,28.3,70,76,19.0,109.0,5.6,10.1,4,0,0,0,0
95,38,0,22.2,98,73,21.0,98.0,4.7,0.3,1,0,2,1,0
96,56,1,28.6,151,67,29.0,0.0,4.0,1.5,5,0,1,0,0
97,77,1,19.1,106,80,31.0,127.0,4.3,1.8,4,0,0,0,1
98,48,1,27.2,115,79,30.0,130.0,5.9,0.9,8,0,1,0,1
99,79,0,20.2,102,81,42.0,106.0,5.6,0.3,1,0,0,0,0
100,47,0,21.1,136,89,35.0,75.0,4.0,0.7,1,0,0,0,1
101,29,0,24.7,70,80,15.0,122.0,6.5,2.9,2,0,0,1,0
102,41,1,19.9,85,76,27.0,110.0,4.0,5.1,7,1,0,0,0
103,65,1,19.8,107,78,21.0,70.0,6.6,2.3,2,0,1,0,0
104,56,0,27.1,120,97,,69.0,5.3,0.5,10,0,0,0,1
105,61,1,26.0,70,89,39.0,89.0,4.2,4.6,4,0,2,1,1
106,25,1,28.2,70,80,41.0,45.0,4.7,0.4,6,0,1,0,1
107,39,0,22.8,177,73,,213.0,7.9,2.5,8,0,2,0,0
108,49,1,30.2,128,88,0.0,168.0,5.0,1.7,2,0,0,1,1
109,52,0,24.7,168,87,16.0,138.0,4.0,11.7,3,0,0,1,0
110,65,1,18.0,115,74,13.0,0.0,5.5,1.7,9,0,0,0,0
111,44,1,21.2,71,67,6.0,91.0,6.4,0.5,4,0,0,1,1
112,37,1,20.5,107,81,32.0,126.0,5.4,0.9,9,0,2,0,0
113,70,0,22.6,149,83,19.0,,5.5,0.8,10,0,1,0,1
114,41,1,27.2,94,78,24.0,187.0,4.5,4.6,6,1,1,0,1
115,39,1,29.6,77,63,26.0,98.0,6.1,1.8,10,1,1,0,0
116,58,1,22.2,70,68,24.0,67.0,4.9,0.3,9,0,1,1,0
117,61,1,28.9,120,90,21.0,104.0,6.1,12.3,1,0,0,0,0
118,38,1,27.3,110,73,14.0,118.0,4.4,15.0,10,0,0,0,0
119,53,1,25.8,89,84,22.0,130.0,7.1,3.7,9,0,2,0,1
120,40,1,18.0,83,75,,0.0,6.4,2.9,6,1,2,1,0
121,53,1,21.3,115,90,21.0,84.0,4.0,0.2,9,0,1,1,1
122,52,1,27.0,120,103,24.0,,6.8,2.4,3,0,2,0,0
123,57,0,26.6,79,90,30.0,,5.7,2.5,7,0,1,0,0
124,52,1,23.9,125,73,,212.0,5.1,1.2,8,0,0,0,1
125,65,1,32.4,126,70,18.0,223.0,5.4,2.2,9,0,2,1,1
126,66,0,35.8,127,83,46.0,53.0,7.0,3.6,4,0,0,0,1
127,43,1,26.4,99,73,10.0,126.0,4.9,7.1,3,0,2,0,0
128,32,0,24.7,91,71,28.0,200.0,4.0,8.1,9,1,0,1,0
129,58,0,23.8,103,89,24.0,,4.2,3.9,8,1,1,0,1
130,46,1,22.8,104,73,18.0,141.0,4.5,1.4,3,0,1,1,0
131,21,0,30.3,140,83,34.0,52.0,5.5,0.4,7,1,1,0,0
132,20,0,25.4,84,81,27.0,58.0,7.0,3.2,5,0,1,0,0
133,79,1,27.1,115,60,18.0,10.0,6.9,2.8,4,0,1,0,0
134,38,0,20.9,70,84,,200.0,7.0,2.6,6,0,1,0,0
135,30,0,23.3,97,79,21.0,,7.4,1.0,5,1,0,0,0
136,78,0,20.1,99,85,12.0,127.0,6.3,1.3,2,0,0,0,0
137,58,1,28.8,70,78,,108.0,8.3,1.5,1,1,0,0,1
138,56,1,30.8,150,99,19.0,0.0,4.7,3.4,9,1,2,0,1
139,51,1,18.0,138,69,18.0,84.0,7.1,2.1,9,0,1,1,1
140,54,1,18.2,70,70,14.0,69.0,6.4,4.3,6,0,1,0,0
141,21,0,21.4,79,74,34.0,151.0,6.4,0.5,8,1,2,1,0
142,33,1,27.7,114,60,36.0,233.0,4.6,5.5,6,0,0,0,0
143,27,0,24.4,121,77,31.0,28.0,5.3,3.1,5,0,0,0,0
144,55,1,27.3,162,90,0.0,,4.6,1.0,4,0,1,0,1
145,53,0,22.5,100,91,15.0,68.0,6.9,0.3,1,0,1,1,1
146,75,1,25.6,78,84,26.0,,4.5,0.9,5,1,1,1,1
147,38,0,23.2,104,85,24.0,0.0,5.5,1.8,2,0,1,0,0
148,28,0,26.3,112,88,36.0,154.0,6.3,0.4,3,0,1,0,1
149,79,0,22.8,95,80,15.0,164.0,4.9,0.0,5,1,2,0,1
150,44,1,29.8,97,74,22.0,,4.5,0.4,6,0,1,1,0
151,72,0,25.4,146,65,10.0,130.0,5.6,5.6,9,0,2,0,0
152,48,1,22.3,81,109,27.0,93.0,5.7,0.8,8,1,1,1,0
153,63,0,26.4,70,85,,,5.1,3.0,1,0,2,0,1
154,24,1,24.7,75,105,9.0,131.0,7.9,0.2,6,1,1,0,0
155,25,0,28.8,99,70,29.0,121.0,5.7,1.5,6,0,1,0,1
156,37,0,24.5,85,73,30.0,166.0,7.1,1.5,2,1,0,1,1
157,62,0,27.2,113,94,,87.0,7.0,2.4,5,0,0,1,1
158,32,0,26.1,89,72,32.0,109.0,4.7,1.5,5,0,0,0,0
159,48,1,18.0,148,70,32.0,55.0,6.4,1.7,8,0,1,1,1
160,40,1,19.7,96,98,10.0,119.0,4.0,1.2,7,0,1,0,0
161,66,1,28.6,122,93,20.0,0.0,7.0,0.1,4,0,0,0,0
162,57,0,18.0,70,71,37.0,169.0,5.2,1.1,5,1,2,0,0
163,58,1,22.6,143,101,35.0,,4.5,3.7,2,1,1,1,1
164,20,0,28.2,70,82,,180.0,6.5,3.6,7,1,0,0,0
165,39,1,27.9,134,100,4.0,109.0,4.0,2.1,4,0,0,1,0
166,76,0,26.8,155,80,23.0,136.0,5.8,1.5,10,1,1,0,0
167,27,0,26.7,95,64,,96.0,5.0,0.1,5,0,0,0,1
168,69,1,21.5,137,66,27.0,118.0,6.3,0.4,7,0,1,0,0
169,76,1,25.1,77,77,16.0,173.0,6.7,1.6,1,0,0,0,0
170,62,0,24.5,97,82,27.0,71.0,7.3,0.9,2,1,0,0,1
171,78,1,33.6,71,63,39.0,129.0,4.9,1.5,7,0,1,1,0
172,36,1,23.7,99,78,27.0,98.0,5.3,0.9,9,0,2,0,1
173,64,1,29.2,115,79,23.0,105.0,6.3,1.7,10,0,1,0,0
174,75,1,23.7,110,60,35.0,75.0,4.0,4.8,7,0,0,1,1
175,77,0,29.2,113,119,,143.0,4.9,1.6,6,1,1,0,1
176,20,0,31.5,122,78,25.0,60.0,6.5,5.3,3,0,0,0,0
177,40,0,29.2,86,72,35.0,51.0,4.0,2.1,7,0,0,1,1
178,35,0,18.0,94,80,21.0,10.0,7.4,1.5,7,0,1,1,0
179,73,0,21.0,70,87,28.0,139.0,4.4,2.6,2,0,1,0,0
180,27,0,22.6,70,97,38.0,0.0,6.8,0.6,2,0,1,0,0
181,72,1,24.6,122,80,29.0,138.0,5.0,3.4,10,0,1,0,1
182,44,1,20.6,108,101,29.0,,5.4,1.2,9,0,1,1,1
183,65,1,21.4,80,80,19.0,154.0,4.6,5.7,4,0,0,0,1
184,38,0,30.4,70,62,23.0,83.0,7.6,3.2,2,0,1,0,1
185,44,1,26.8,144,88,33.0,125.0,7.2,0.5,5,0,1,0,0
186,50,0,30.2,144,76,26.0,190.0,4.5,1.6,6,0,1,0,1
187,29,1,26.5,148,68,27.0,11.0,4.0,9.5,1,0,1,0,0
188,77,1,27.2,114,64,33.0,46.0,6.2,4.3,6,1,1,0,0
189,41,1,28.7,94,85,36.0,,6.1,1.7,8,0,2,1,0
190,67,0,26.3,123,87,15.0,,5.5,4.6,5,0,0,1,1
191,34,1,29.3,161,92,28.0,218.0,7.6,14.0,3,0,1,0,1
192,24,0,19.4,119,91,19.0,127.0,7.8,3.4,2,0,2,0,0
193,73,1,31.4,111,76,38.0,41.0,8.2,8.9,2,0,1,0,1
194,75,1,27.0,70,76,8.0,152.0,5.7,2.7,8,0,1,0,0
195,74,1,28.3,149,85,25.0,,7.3,4.8,9,1,0,1,1
196,39,1,25.3,110,84,18.0,109.0,4.7,1.9,6,1,0,0,0
197,27,1,27.2,70,75,36.0,39.0,4.3,11.1,10,1,0,0,0
198,24,1,21.6,106,112,28.0,60.0,5.4,0.3,7,1,0,0,0
199,44,1,25.9,101,67,31.0,211.0,5.9,8.5,10,0,1,0,0
200,37,1,19.1,84,60,20.0,141.0,5.8,2.6,10,1,1,1,0
201,57,1,22.6,75,73,20.0,87.0,6.5,7.9,8,0,0,1,1
202,71,0,28.0,174,107,,152.0,7.1,0.2,4,1,0,0,0
203,69,0,22.4,78,79,34.0,215.0,5.3,0.5,2,1,1,0,1
204,49,0,27.4,104,75,32.0,52.0,7.3,0.4,4,0,2,1,1
205,35,0,23.3,70,82,26.0,173.0,7.4,0.7,3,1,0,1,1
206,69,1,20.5,146,82,18.0,48.0,6.1,0.9,1,0,0,0,1
207,41,1,24.0,119,103,20.0,0.0,6.2,1.7,3,0,0,0,0
208,27,1,23.4,119,78,28.0,51.0,5.6,0.8,6,0,1,1,0
209,77,0,27.5,70,60,9.0,104.0,6.2,3.5,1,0,1,1,1
210,71,1,26.2,110,82,29.0,81.0,6.9,1.5,6,1,0,0,1
211,41,1,27.9,109,60,15.0,113.0,5.6,2.6,7,0,0,0,1
212,30,1,24.1,113,76,,,4.0,1.7,9,0,1,0,1
213,20,0,20.7,107,88,28.0,105.0,5.7,6.8,8,0,0,0,0
214,33,0,23.8,107,67,33.0,162.0,4.5,0.1,5,1,1,0,1
215,25,0,25.6,102,101,30.0,,4.7,0.4,3,1,0,0,0
216,43,0,27.7,127,78,24.0,,5.7,2.3,5,0,0,0,0
217,64,1,18.9,110,101,25.0,134.0,6.3,3.0,3,0,0,0,1
218,49,1,30.4,108,76,,121.0,5.9,1.0,10,0,0,0,0
219,23,0,31.0,79,96,13.0,201.0,4.9,0.9,10,0,1,0,1
220,66,0,26.4,114,60,13.0,103.0,5.1,4.2,10,0,0,0,0
221,53,1,23.5,85,73,24.0,125.0,4.9,1.5,5,1,2,1,1
222,73,1,21.8,102,71,,145.0,5.5,0.6,1,0,0,0,0
223,73,0,19.2,126,69,13.0,170.0,5.9,4.3,3,0,1,0,0
224,44,1,22.5,70,60,24.0,115.0,5.9,1.2,2,0,1,0,1
225,58,0,19.1,85,92,,179.0,6.1,1.5,4,0,1,0,1
226,50,1,23.1,101,99,21.0,,8.0,3.3,7,1,1,1,1
227,69,1,27.7,78,87,21.0,93.0,6.6,3.4,1,1,1,0,0
228,66,0,24.8,70,87,,78.0,5.9,1.6,9,0,0,0,0
229,20,0,19.9,106,92,12.0,131.0,6.6,2.5,8,0,1,1,1
230,64,1,23.7,126,88,34.0,90.0,7.1,0.9,5,0,1,0,0
231,64,0,18.0,121,71,28.0,212.0,4.7,4.5,1,0,0,0,0
232,46,0,25.9,87,60,,109.0,4.0,1.9,1,0,1,0,0
233,54,0,31.9,121,92,33.0,,6.8,3.9,9,0,1,0,0
234,45,0,26.7,134,108,27.0,66.0,4.0,3.0,6,0,0,0,1
235,54,1,20.6,104,92,32.0,148.0,5.3,2.3,5,0,0,1,1
236,65,1,29.9,120,78,20.0,,6.0,1.4,6,0,0,0,0
237,65,1,26.2,99,70,47.0,62.0,4.0,1.6,7,0,2,0,1
238,20,1,22.8,70,76,17.0,161.0,5.6,2.7,9,0,0,0,0
239,51,1,23.9,91,82,35.0,101.0,6.6,2.9,7,1,1,0,1
240,26,0,23.4,113,60,32.0,128.0,5.2,5.0,6,0,0,1,0
241,72,0,23.8,102,78,11.0,142.0,5.8,5.4,10,0,0,0,0
242,74,0,25.0,97,81,23.0,,5.0,5.1,5,0,1,0,0
243,48,0,23.4,88,74,12.0,112.0,4.8,2.2,3,1,0,0,0
244,22,1,25.0,81,70,31.0,,5.6,1.8,10,1,2,0,0
245,45,1,18.4,104,84,26.0,100.0,4.3,2.4,2,0,0,0,1
246,23,1,22.1,102,86,12.0,118.0,5.7,0.7,10,0,1,1,1
247,30,0,25.2,102,74,,139.0,5.4,0.6,6,0,2,0,0
248,56,1,30.6,109,89,45.0,93.0,6.9,0.2,3,0,0,0,1
249,44,0,22.7,70,78,46.0,10.0,4.2,2.7,7,0,1,0,1
250,26,1,22.1,101,79,37.0,71.0,4.0,2.2,1,0,0,0,0
251,69,0,18.0,99,88,26.0,,4.0,0.3,2,1,0,0,0
252,53,0,19.8,131,62,29.0,193.0,4.3,1.2,1,0,0,0,0
253,77,1,22.1,106,62,26.0,77.0,4.0,5.0,4,0,1,1,1
254,61,0,19.1,71,92,28.0,106.0,4.5,0.4,4,0,1,0,1
255,75,1,27.2,106,92,18.0,166.0,6.8,10.1,7,0,1,0,1
256,73,1,26.4,75,89,10.0,82.0,6.2,7.2,4,1,0,1,0
257,49,0,25.6,103,90,19.0,131.0,4.6,2.0,1,0,2,1,1
258,44,0,26.7,167,80,15.0,122.0,6.7,5.9,3,1,0,0,1
259,51,1,29.1,126,66,33.0,116.0,5.6,0.2,1,0,2,0,1
260,60,0,23.7,74,108,29.0,,4.8,5.5,1,0,0,0,0
261,46,0,23.5,116,92,40.0,124.0,5.9,15.0,4,0,2,0,0
262,50,1,20.0,70,80,,86.0,4.0,1.6,5,1,2,1,1
263,74,1,25.8,116,70,,92.0,6.3,0.0,3,0,0,0,0
264,20,0,27.1,70,78,3.0,131.0,7.2,3.8,9,1,2,0,0
265,68,0,24.6,75,90,36.0,132.0,5.7,4.5,6,0,1,0,1
266,20,1,26.2,109,73,11.0,89.0,4.9,5.3,6,1,2,0,1
267,76,0,22.5,70,85,25.0,,6.5,2.3,1,1,0,0,0
268,75,0,20.3,105,96,31.0,95.0,5.8,0.0,1,1,1,0,1
269,63,0,23.6,147,100,33.0,,4.0,5.3,6,1,1,0,0
270,45,0,25.4,89,79,21.0,49.0,5.0,11.9,7,0,1,1,0
271,60,0,27.9,116,86,27.0,135.0,7.0,3.3,6,0,0,0,0
272,61,0,29.7,135,100,15.0,204.0,4.9,1.9,2,0,0,0,1
273,45,0,26.8,121,72,23.0,133.0,4.0,0.7,1,0,2,0,0
274,67,1,24.8,120,70,35.0,127.0,7.4,0.7,4,1,0,0,1
275,39,1,28.8,107,62,23.0,138.0,5.7,1.7,10,0,1,1,0
276,68,0,26.9,114,96,31.0,0.0,5.1,0.2,10,0,1,0,1
277,45,1,23.4,176,79,22.0,,4.3,1.5,2,0,1,1,0
278,47,1,25.9,129,86,13.0,130.0,6.3,3.9,2,1,1,0,1
279,55,1,18.7,131,83,12.0,39.0,6.0,5.7,5,1,2,0,1
280,48,1,24.0,119,60,,173.0,6.2,3.8,6,0,0,0,1
281,70,0,33.1,139,75,14.0,141.0,5.6,3.9,2,0,1,0,0
282,77,0,18.0,112,72,19.0,166.0,4.8,2.1,6,1,2,0,0
283,28,0,28.1,115,75,33.0,,4.9,0.2,3,0,2,0,1
284,76,1,27.4,85,88,25.0,36.0,4.3,0.1,4,0,0,0,1
285,66,0,31.3,70,75,34.0,43.0,7.1,2.9,5,0,1,1,0
286,38,1,28.2,76,91,30.0,,5.5,7.3,5,0,0,0,0
287,31,1,30.5,70,83,20.0,127.0,6.4,0.4,8,1,2,0,1
288,34,1,25.7,161,77,9.0,,4.2,1.4,4,0,1,0,0
289,46,0,23.4,91,88,18.0,221.0,4.0,0.1,9,0,0,0,1
290,54,0,22.8,81,60,44.0,56.0,6.2,7.7,3,0,1,0,1
291,31,1,29.8,85,93,23.0,79.0,4.2,4.2,4,0,0,0,0
292,51,1,24.2,107,93,36.0,84.0,5.3,2.6,7,0,1,0,0
293,70,0,28.6,100,87,41.0,,5.9,1.8,4,1,1,1,0
294,42,1,26.5,74,60,37.0,121.0,6.9,0.6,4,0,1,0,0
295,53,1,19.7,98,79,35.0,62.0,6.7,0.6,5,0,0,0,1
296,69,0,19.9,108,69,39.0,140.0,6.6,4.6,5,1,0,1,0
297,24,1,18.0,90,88,41.0,96.0,6.9,1.8,9,0,1,0,0
298,70,0,24.0,125,82,22.0,,5.1,3.5,1,0,2,1,0
299,23,1,22.9,91,74,22.0,69.0,6.0,5.7,3,0,2,0,0
300,40,0,18.0,75,89,22.0,100.0,5.6,5.6,2,0,2,0,0
301,55,1,23.4,82,100,,135.0,4.3,2.4,4,1,0,1,0
302,74,1,23.6,92,83,26.0,130.0,7.3,2.2,10,1,1,0,1
303,53,1,26.3,100,71,10.0,178.0,6.2,1.6,3,1,1,0,0
304,29,0,21.9,70,91,,176.0,5.5,0.5,6,1,2,1,0
305,50,1,31.1,101,81,26.0,,4.2,1.1,3,0,2,1,1
306,22,0,22.9,134,110,2.0,65.0,7.7,0.0,8,0,1,1,0
307,27,0,24.8,70,69,19.0,0.0,5.6,0.9,9,0,0,0,0
308,39,0,21.5,84,79,41.0,,6.5,0.9,2,0,0,0,0
309,67,1,23.0,113,81,36.0,62.0,5.4,3.1,5,0,1,0,0
310,78,1,19.0,135,75,25.0,149.0,8.8,8.1,6,0,0,1,0
311,52,1,29.3,128,86,36.0,67.0,5.9,3.2,7,1,1,0,0
312,28,1,24.5,144,78,32.0,110.0,6.3,11.9,5,0,1,0,0
313,34,0,26.7,78,93,25.0,120.0,7.6,2.6,6,1,2,0,1
314,75,1,25.9,174,84,30.0,255.0,7.6,4.2,6,0,0,0,0
315,35,1,25.4,82,74,35.0,186.0,4.0,1.0,10,0,0,1,1
316,77,1,29.5,132,71,18.0,,4.0,1.2,6,0,1,1,1
317,56,1,23.2,123,63,36.0,48.0,5.8,3.7,8,0,1,1,1
318,35,0,23.5,70,88,30.0,67.0,7.3,1.1,5,0,2,0,0
319,78,0,24.1,111,88,28.0,,5.4,3.4,1,0,0,1,1
320,70,1,18.0,151,76,,,5.3,0.5,9,0,0,0,0
321,45,0,26.7,70,77,14.0,57.0,4.9,0.0,1,1,1,0,1
322,31,0,25.6,70,60,36.0,74.0,5.7,4.0,1,0,2,0,1
323,25,1,27.6,131,75,7.0,110.0,5.7,0.1,10,1,0,1,1
324,63,0,20.1,82,76,33.0,85.0,4.6,1.3,3,0,1,0,1
325,73,0,30.1,126,72,33.0,110.0,4.0,0.2,10,1,0,0,0
326,45,0,25.8,92,95,29.0,199.0,5.2,2.8,7,1,0,0,0
327,49,1,20.9,85,91,28.0,176.0,7.0,1.3,8,0,2,0,0
328,52,0,18.0,89,87,25.0,130.0,4.9,1.7,5,1,1,0,1
329,62,1,27.1,70,60,0.0,169.0,5.7,4.8,6,0,1,0,0
330,73,1,25.8,122,80,33.0,136.0,4.1,8.0,5,0,1,0,0
331,70,1,27.2,70,65,35.0,,5.7,10.1,4,1,2,0,0
332,60,1,24.9,98,76,27.0,30.0,6.0,0.1,10,1,0,0,1
333,21,1,23.9,132,84,16.0,,6.5,0.4,1,0,2,0,1
334,71,0,31.2,115,87,31.0,87.0,4.9,9.1,3,0,0,1,0
335,79,0,18.2,101,81,,143.0,5.3,7.0,4,0,0,0,1
336,70,0,25.1,109,91,17.0,122.0,4.0,4.9,3,0,2,0,1
337,39,1,22.7,123,78,26.0,64.0,5.4,0.0,2,0,0,1,0
338,68,1,19.9,108,92,23.0,58.0,6.1,4.3,1,0,0,0,0
339,49,0,22.6,133,73,36.0,125.0,4.7,2.7,6,0,0,1,0
340,46,1,24.3,95,65,30.0,3.0,4.0,1.8,2,0,0,0,1
341,28,1,20.3,122,60,24.0,127.0,5.6,7.5,10,1,1,0,0
342,33,1,30.1,86,76,27.0,60.0,4.4,0.1,2,1,1,0,0
343,49,0,24.0,74,81,26.0,,6.3,0.4,5,0,2,0,1
344,78,1,18.9,70,108,28.0,,6.1,0.6,7,0,0,0,1
345,41,0,23.1,75,72,11.0,115.0,4.0,1.6,3,0,1,0,0
346,33,0,23.7,106,92,,,4.9,0.4,1,0,0,0,0
347,57,1,21.2,111,81,30.0,17.0,5.7,4.4,10,0,0,0,0
348,24,0,22.4,87,85,11.0,33.0,6.0,3.7,7,0,0,0,1
349,67,0,28.3,105,65,27.0,184.0,5.0,3.1,8,1,2,1,1
350,67,0,21.4,120,91,24.0,,4.9,0.1,4,0,1,0,1
351,49,1,25.0,137,92,11.0,155.0,5.3,0.2,1,1,2,1,1
352,51,0,31.4,95,73,14.0,110.0,5.6,0.3,9,0,0,1,0
353,79,1,25.9,88,92,18.0,76.0,4.0,4.5,6,0,1,0,1
354,73,1,18.3,70,65,28.0,39.0,4.8,3.5,3,0,1,0,0
355,22,0,22.4,99,89,50.0,168.0,4.5,0.6,8,1,2,0,1
356,26,1,22.2,150,71,29.0,88.0,4.0,9.3,2,1,1,0,0
357,48,1,18.0,131,80,,,6.7,1.2,8,0,1,0,1
358,32,1,31.6,131,96,28.0,151.0,5.8,0.9,7,0,0,0,1
359,67,1,18.0,99,93,23.0,164.0,5.9,0.7,4,1,1,0,0
360,79,1,23.6,92,77,32.0,99.0,6.4,4.8,6,1,1,0,0
361,37,1,21.9,127,99,32.0,213.0,5.6,2.5,5,0,2,1,0
362,56,1,29.0,70,73,20.0,128.0,8.5,0.2,3,0,1,1,1
363,54,1,28.2,114,64,17.0,104.0,4.0,4.8,9,1,2,0,0
364,70,1,20.9,119,80,,6.0,6.4,1.1,7,0,2,0,0
365,36,0,23.9,100,82,26.0,146.0,6.5,0.2,1,1,1,0,1
366,58,1,23.2,119,73,21.0,,5.7,7.0,8,0,0,1,1
367,21,0,26.3,103,60,,144.0,5.5,3.6,1,0,0,0,1
368,33,0,18.0,85,78,17.0,52.0,5.9,0.5,4,1,0,0,0
369,52,1,26.8,70,78,19.0,120.0,6.5,3.3,2,1,0,0,0
370,33,1,18.0,127,98,,,5.9,1.8,5,0,0,1,1
371,25,1,24.3,112,84,30.0,137.0,4.9,0.7,10,0,0,0,1
372,57,0,27.6,138,70,38.0,105.0,6.4,8.9,8,0,2,0,0
373,22,0,28.9,100,73,,169.0,6.0,0.3,2,0,1,0,0
374,20,1,35.2,134,74,38.0,,4.9,8.1,4,0,0,0,1
375,50,0,26.4,129,84,9.0,247.0,6.0,0.8,3,0,1,0,1
376,61,1,21.9,70,72,24.0,11.0,4.5,2.8,10,0,1,0,0
377,68,0,25.3,123,88,28.0,,5.1,3.7,10,1,1,0,0
378,38,1,23.6,157,63,22.0,81.0,5.3,0.8,9,0,0,0,1
379,43,1,26.6,83,87,,,6.3,6.4,9,0,2,0,0
380,44,0,18.0,108,94,,90.0,4.9,4.7,10,1,0,1,0
381,35,1,30.0,113,90,,,4.2,2.4,4,0,1,1,0
382,24,1,30.7,74,70,44.0,,6.2,4.7,1,1,1,0,0
383,36,0,24.6,143,76,20.0,111.0,7.7,2.2,10,1,0,1,1
384,32,0,22.5,125,80,,29.0,4.0,2.7,4,0,2,1,0
385,30,1,26.8,92,72,27.0,124.0,4.5,1.1,9,0,1,1,0
386,60,1,25.0,84,74,17.0,173.0,4.6,1.2,3,1,0,1,0
387,30,0,18.0,144,86,32.0,60.0,5.4,0.4,10,0,1,0,1
388,70,0,28.2,70,74,18.0,63.0,5.0,7.3,8,0,2,1,0
389,30,0,20.3,146,92,15.0,143.0,6.6,2.1,10,0,2,0,1
390,52,1,22.0,90,81,40.0,143.0,5.1,6.4,2,0,2,0,1
391,78,0,21.5,70,60,26.0,107.0,6.7,3.5,1,1,1,0,1
392,48,0,22.0,70,65,29.0,,7.7,1.3,9,1,0,0,1
393,71,0,21.9,76,102,,105.0,6.3,2.9,9,0,2,1,1
394,39,0,19.0,123,73,16.0,83.0,6.8,0.8,3,1,0,0,0
395,74,0,25.7,90,89,,186.0,5.3,7.5,5,1,0,0,1
396,51,0,25.0,88,84,38.0,,5.1,1.0,2,1,1,0,0
397,66,1,33.0,72,60,19.0,36.0,4.8,7.8,7,0,1,0,0
398,68,1,21.8,75,95,21.0,210.0,8.1,0.1,8,0,0,0,1
399,20,0,24.7,94,91,20.0,43.0,6.6,10.3,5,1,2,0,0
400,47,1,18.0,93,78,16.0,149.0,4.7,1.2,7,0,1,1,0
401,77,1,21.9,99,69,13.0,,5.7,1.9,6,0,1,0,1
402,76,0,29.7,125,83,17.0,121.0,6.8,0.8,5,1,0,1,1
403,56,1,22.6,147,97,34.0,,5.6,5.9,6,1,0,1,1
404,64,1,29.2,82,105,9.0,63.0,5.3,2.0,3,0,0,0,1
405,73,0,26.8,86,67,26.0,111.0,6.1,0.4,10,0,2,0,1
406,53,0,23.3,112,86,29.0,,7.3,10.3,8,1,1,0,0
407,58,1,27.4,90,68,21.0,68.0,6.1,4.2,2,1,2,0,0
408,45,0,26.1,111,84,23.0,143.0,5.2,2.4,4,1,2,1,1
409,25,0,29.7,75,60,6.0,71.0,7.8,4.3,1,0,1,0,0
410,27,0,21.0,88,82,25.0,,5.4,1.4,2,1,1,0,0
411,69,0,24.3,155,67,22.0,210.0,5.1,0.9,4,0,2,0,1
412,44,1,32.9,88,82,19.0,83.0,4.6,2.6,9,0,0,0,1
413,71,0,30.2,101,69,6.0,212.0,6.8,4.5,5,0,0,0,1
414,47,0,27.1,70,99,31.0,71.0,5.7,2.2,2,0,0,0,0
415,49,1,28.3,70,80,,153.0,6.0,2.6,2,0,0,1,1
416,66,1,18.3,93,79,14.0,,5.7,2.5,6,0,1,0,1
417,58,1,18.0,73,60,27.0,168.0,6.0,1.1,1,0,1,0,1
418,36,1,31.3,132,65,,178.0,4.0,0.7,1,1,0,0,0
419,23,0,26.4,73,95,15.0,23.0,6.0,3.2,5,1,1,0,0
420,73,0,25.0,86,81,26.0,174.0,5.6,5.4,7,0,2,0,1
421,32,1,24.4,132,69,21.0,109.0,4.0,1.6,1,1,2,1,0
422,72,0,28.2,133,80,24.0,153.0,6.1,1.0,6,0,2,0,0
423,39,1,26.0,73,73,33.0,165.0,4.7,0.2,3,1,1,1,1
424,40,0,28.8,93,83,,0.0,6.0,1.0,1,0,1,1,0
425,57,1,27.1,126,79,,93.0,8.0,3.0,9,0,1,0,1
426,74,0,28.2,97,75,13.0,128.0,5.9,3.8,4,1,0,0,1
427,64,1,27.4,85,67,46.0,127.0,5.7,1.4,10,1,0,0,1
428,35,0,20.1,70,94,,58.0,4.0,1.8,1,1,2,0,0
429,52,0,20.8,144,77,,,4.4,0.1,8,0,2,0,1
430,44,0,23.8,79,60,18.0,89.0,5.7,0.7,9,0,1,0,1
431,20,0,24.6,98,71,30.0,148.0,6.4,5.5,5,0,0,0,1
432,64,0,29.1,102,92,50.0,156.0,5.6,2.9,8,1,1,0,0
433,48,1,22.4,113,83,35.0,113.0,4.2,5.6,4,0,1,0,1
434,73,1,23.0,89,80,,82.0,4.0,2.6,5,0,1,0,1
435,20,1,25.7,71,100,19.0,203.0,5.3,0.6,8,0,0,1,1
436,63,0,36.0,108,76,19.0,116.0,5.3,5.1,6,0,1,0,1
437,34,1,24.2,77,91,38.0,34.0,6.5,1.4,9,0,0,0,0
438,56,0,28.1,88,99,27.0,156.0,6.6,1.0,7,0,0,1,0
439,79,0,32.6,73,71,16.0,163.0,6.0,0.9,3,0,1,0,0
440,58,0,19.8,106,72,,157.0,6.1,5.8,3,0,1,0,1
441,73,1,33.3,111,79,37.0,,4.9,3.9,2,0,2,0,1
442,61,1,28.0,152,68,23.0,177.0,4.0,1.4,10,0,2,0,1
443,59,0,28.9,109,80,22.0,88.0,4.0,1.6,10,0,1,1,0
444,60,0,19.8,92,96,37.0,,5.4,0.9,4,0,0,1,1
445,48,1,28.6,82,94,34.0,,4.7,2.8,9,0,0,0,1
446,70,0,20.7,120,75,29.0,150.0,6.0,4.4,8,0,1,0,0
447,43,0,32.8,125,75,21.0,,7.1,0.6,10,0,0,1,1
448,26,1,26.4,77,75,49.0,74.0,5.4,6.8,3,0,0,0,0
449,60,1,28.3,81,97,31.0,9.0,4.9,2.0,3,0,1,0,1
450,22,1,26.0,74,68,35.0,,4.3,14.2,8,0,0,1,0
451,76,1,33.3,76,88,14.0,111.0,7.4,2.9,10,1,0,0,1
452,39,0,18.0,118,86,27.0,84.0,7.0,6.2,5,0,0,1,0
453,77,1,28.1,119,77,8.0,90.0,7.6,0.4,9,1,1,1,0
454,42,1,20.9,100,76,19.0,2.0,4.0,1.6,10,0,0,0,1
455,61,0,24.4,114,89,33.0,112.0,6.6,2.3,7,1,0,1,1
456,48,0,29.4,162,63,20.0,,6.0,0.7,10,0,1,0,0
457,65,1,29.8,75,91,20.0,199.0,6.0,13.6,5,0,1,0,1
458,41,0,22.2,128,62,17.0,219.0,5.2,1.5,10,0,2,0,0
459,44,0,30.2,104,73,30.0,71.0,7.3,1.5,5,0,1,0,0
460,76,1,29.9,88,89,11.0,127.0,4.0,0.1,6,0,0,0,0
461,48,1,22.2,104,75,,110.0,6.2,3.3,1,0,0,0,1
462,36,1,23.6,186,84,14.0,58.0,6.2,0.6,7,0,0,0,1
463,78,1,18.0,109,78,15.0,142.0,5.2,0.3,6,0,1,0,0
464,56,0,23.6,132,77,38.0,149.0,4.0,2.8,7,0,2,0,0
465,29,0,20.3,112,90,31.0,99.0,5.8,7.0,10,0,1,1,0
466,54,0,25.8,93,81,30.0,153.0,6.6,0.7,1,0,0,0,1
467,37,1,25.3,89,61,,143.0,6.2,5.9,4,0,1,0,0
468,55,1,24.6,150,77,37.0,,7.2,1.9,8,0,0,0,1
469,35,0,27.1,98,80,38.0,158.0,6.1,1.3,9,0,0,0,0
470,53,1,26.0,143,77,16.0,136.0,5.2,1.5,2,0,0,0,0
471,37,0,27.0,70,75,32.0,147.0,5.5,1.2,9,0,2,1,0
472,73,1,29.1,105,82,35.0,93.0,5.2,0.2,6,0,0,1,1
473,79,1,31.1,112,83,14.0,,4.6,0.0,10,0,0,1,0
474,59,1,23.4,88,80,14.0,228.0,4.5,3.2,9,0,1,0,1
475,37,0,26.1,124,85,27.0,133.0,6.0,0.7,8,1,0,1,1
476,58,0,26.9,70,82,21.0,,5.6,3.7,10,0,1,0,0
477,43,0,24.7,99,85,20.0,96.0,6.3,1.2,8,0,0,0,0
478,78,1,22.2,93,86,30.0,55.0,6.7,1.2,9,0,0,0,0
479,56,1,24.9,70,83,44.0,215.0,4.0,10.4,5,0,1,0,0
480,52,1,23.7,93,82,28.0,183.0,6.7,4.9,7,0,0,1,0
481,33,1,23.1,106,97,30.0,97.0,6.0,6.8,5,0,1,0,0
482,60,1,21.7,86,74,16.0,48.0,4.0,0.7,2,1,2,0,1
483,60,0,33.3,105,90,23.0,138.0,7.5,2.3,9,0,1,0,1
484,41,0,24.9,99,70,,58.0,4.5,2.5,3,0,2,1,1
485,20,1,25.0,70,62,32.0,95.0,6.3,3.5,10,0,0,0,0
486,66,1,22.6,92,95,16.0,66.0,4.0,1.7,7,0,1,0,1
487,53,1,21.1,70,77,34.0,119.0,6.2,10.9,3,0,1,0,0
488,47,1,27.0,100,66,16.0,95.0,5.9,0.5,4,1,2,1,0
489,41,1,28.5,70,75,25.0,84.0,5.3,7.3,3,0,0,0,1
490,41,1,29.7,118,65,43.0,123.0,6.1,5.6,7,0,1,1,1
491,50,1,29.0,91,72,,84.0,4.1,1.0,8,1,1,1,1
492,66,1,18.0,85,71,33.0,67.0,5.6,4.3,5,0,0,0,0
493,46,1,23.4,116,67,19.0,,5.5,3.3,9,0,1,0,1
494,74,1,25.3,122,71,,96.0,5.0,3.2,3,0,0,0,0
495,35,0,34.3,105,63,14.0,120.0,5.0,2.0,10,0,1,0,1
496,24,0,25.0,87,64,21.0,178.0,7.1,2.6,4,0,1,0,1
497,42,1,24.0,70,88,2.0,,6.9,0.2,8,1,1,1,1
498,71,0,22.6,87,87,27.0,127.0,4.6,0.1,5,0,1,0,1
499,56,0,21.6,107,61,22.0,,6.2,5.2,5,0,1,0,0
500,30,1,24.1,70,62,29.0,37.0,4.9,1.2,10,0,0,0,0
501,46,0,23.1,124,81,50.0,0.0,5.9,0.5,4,1,1,0,1
502,59,1,30.8,91,85,25.0,69.0,7.0,1.8,3,0,2,1,1
503,77,0,29.4,109,70,22.0,217.0,4.8,0.3,6,0,1,0,0
504,54,1,28.5,94,85,29.0,147.0,4.0,5.2,8,1,1,1,0
505,61,0,22.5,117,97,38.0,129.0,7.2,0.6,6,0,0,0,1
506,41,0,24.2,70,94,32.0,195.0,6.5,0.0,3,1,2,0,0
507,42,1,25.6,70,81,34.0,91.0,7.5,3.0,1,0,1,0,1
508,20,0,23.1,104,77,39.0,220.0,6.7,4.8,7,0,0,1,0
509,67,0,26.5,70,80,21.0,200.0,4.0,3.6,10,1,0,0,1
510,47,1,18.4,80,76,16.0,38.0,5.7,1.1,3,1,2,1,0
511,21,1,23.0,100,74,40.0,0.0,5.9,4.1,7,0,2,0,0
512,76,0,27.6,110,85,24.0,93.0,6.7,0.4,4,0,0,1,0
513,54,0,22.2,112,71,21.0,86.0,6.3,3.8,7,1,2,0,1
514,74,1,23.2,82,63,35.0,109.0,6.3,3.5,7,1,0,0,1
515,52,0,19.9,135,108,21.0,43.0,5.0,9.8,2,0,1,0,1
516,53,1,25.1,115,93,36.0,42.0,4.7,0.8,2,1,1,1,0
517,36,0,22.8,77,68,16.0,109.0,5.1,0.7,10,0,2,0,0
518,32,0,23.3,97,95,,131.0,4.0,5.3,4,0,1,0,0
519,33,0,20.4,90,85,27.0,,4.7,2.4,1,0,1,0,0
520,61,0,18.0,70,70,,198.0,9.8,1.8,9,0,0,1,0
521,59,1,19.0,135,77,15.0,52.0,5.6,0.8,5,0,0,0,0
522,39,1,27.8,115,73,24.0,56.0,7.9,3.0,1,0,0,0,0
523,24,0,20.5,146,69,37.0,141.0,4.0,0.1,6,1,1,1,1
524,69,0,29.0,99,86,9.0,245.0,6.9,0.1,3,1,0,0,1
525,56,1,23.4,82,71,30.0,42.0,4.5,1.3,1,0,1,0,1
526,41,1,29.7,70,103,17.0,160.0,6.8,3.6,1,0,1,0,0
527,21,1,32.9,87,94,26.0,142.0,6.6,5.8,10,0,2,0,1
528,61,0,32.5,104,68,23.0,124.0,4.8,2.9,7,0,0,1,0
529,65,0,23.5,121,60,37.0,183.0,5.6,7.3,3,0,0,0,0
530,46,1,27.4,73,60,30.0,14.0,4.5,1.6,1,0,0,0,0
531,61,0,21.9,98,62,31.0,226.0,8.9,7.7,7,0,0,1,0
532,62,0,33.2,115,61,,150.0,5.3,1.5,7,1,0,0,1
533,76,1,23.7,118,60,17.0,133.0,4.9,5.2,1,1,0,0,1
534,64,1,18.0,124,74,36.0,64.0,6.5,3.1,7,1,0,0,0
535,32,1,26.0,124,77,17.0,84.0,5.5,1.3,6,1,1,0,0
536,36,0,22.2,80,82,34.0,87.0,4.7,3.1,2,0,0,0,0
537,72,1,28.9,97,78,,104.0,6.9,1.7,9,0,1,0,0
538,74,1,22.2,138,78,28.0,86.0,4.0,8.1,5,1,0,0,1
539,27,0,26.4,158,62,13.0,171.0,5.8,2.1,2,1,0,0,1
540,54,1,30.4,97,87,22.0,52.0,5.5,1.8,8,1,1,0,1
541,65,1,18.0,99,73,11.0,191.0,6.3,5.0,3,0,0,1,1
542,56,1,21.8,75,74,,166.0,5.2,7.5,5,0,0,0,0
543,38,1,22.4,110,65,35.0,117.0,5.1,0.1,8,0,1,0,0
544,48,0,25.1,133,117,25.0,157.0,6.1,1.4,5,0,1,1,1
545,60,1,29.3,74,92,32.0,231.0,5.0,1.5,10,0,1,0,1
546,23,0,26.6,99,87,10.0,87.0,5.9,1.2,5,0,2,0,1
547,26,0,33.3,102,80,34.0,120.0,6.8,0.5,6,1,0,0,0
548,30,1,18.0,94,99,35.0,174.0,4.9,0.6,4,0,1,0,1
549,42,0,20.5,127,92,32.0,108.0,6.2,0.3,3,1,1,1,0
550,78,0,24.4,126,95,17.0,199.0,4.5,1.9,1,0,0,0,1
551,58,1,31.5,70,65,9.0,142.0,5.7,2.3,4,0,1,0,0
552,79,0,30.9,94,86,,88.0,4.0,1.7,3,1,1,1,1
553,27,1,28.2,149,60,19.0,198.0,4.0,4.2,6,0,1,1,1
554,58,1,18.1,91,85,,156.0,6.7,0.4,1,1,0,0,0
555,45,0,27.9,115,60,23.0,101.0,4.2,1.4,9,0,2,0,0
556,77,1,29.8,119,100,20.0,,4.0,4.5,8,0,1,0,0
557,35,0,25.5,105,73,,93.0,5.8,5.0,2,1,0,0,0
558,70,1,27.0,125,81,36.0,,4.3,8.4,6,1,0,1,0
559,52,0,19.9,120,102,35.0,183.0,6.4,1.1,1,0,0,0,1
560,64,1,23.7,70,70,13.0,67.0,4.0,2.2,10,0,0,1,1
561,42,0,27.7,121,96,17.0,48.0,5.9,1.1,2,0,2,1,0
562,50,0,22.2,70,96,,173.0,4.0,1.0,7,0,0,0,1
563,43,0,24.5,117,73,12.0,60.0,4.9,2.8,3,1,0,0,1
564,78,1,28.1,90,80,22.0,93.0,4.7,7.3,7,0,0,0,1
565,52,1,28.0,91,86,8.0,97.0,4.9,2.5,8,0,0,0,1
566,74,0,24.3,70,80,14.0,88.0,7.6,0.4,2,0,0,0,1
567,66,0,19.3,129,77,11.0,201.0,8.0,3.2,6,0,1,0,0
568,28,0,27.9,88,94,41.0,159.0,4.7,10.7,2,0,1,0,0
569,54,0,22.5,165,60,,124.0,5.2,0.9,1,0,1,0,1
570,75,1,23.8,110,93,31.0,41.0,4.8,0.0,8,0,1,0,0
571,63,0,30.1,117,81,40.0,101.0,6.7,6.6,5,0,0,1,0
572,71,0,23.2,84,108,33.0,108.0,5.2,1.3,8,0,1,0,1
573,72,0,23.3,145,97,33.0,100.0,7.9,1.5,7,1,0,0,0
574,71,1,23.7,150,77,33.0,62.0,4.0,5.7,5,1,1,0,1
575,68,1,27.7,109,80,44.0,151.0,4.5,1.0,10,1,2,0,1
576,63,1,23.6,70,82,24.0,188.0,5.9,4.4,2,0,0,0,0
577,38,1,20.6,101,75,28.0,151.0,5.2,4.7,2,1,0,0,0
578,52,0,25.0,99,73,,68.0,4.0,1.7,5,1,1,0,1
579,73,1,31.5,91,70,30.0,127.0,5.9,0.2,6,1,1,0,1
580,34,1,27.4,81,90,18.0,107.0,4.3,1.1,1,1,0,0,1
581,52,0,30.4,90,74,9.0,148.0,4.0,1.0,10,0,0,0,1
582,55,1,18.7,196,70,19.0,66.0,5.3,1.1,5,1,0,0,1
583,58,0,29.6,87,95,8.0,,7.0,7.0,9,0,0,0,0
584,54,1,25.6,76,103,22.0,135.0,6.3,0.8,7,0,1,0,0
585,43,1,18.0,137,74,17.0,96.0,5.0,10.8,2,0,1,0,0
586,43,1,23.1,116,91,23.0,73.0,4.0,1.8,4,1,0,0,0
587,23,0,27.5,90,72,40.0,53.0,5.2,5.2,10,1,2,1,0
588,44,1,21.1,95,96,18.0,39.0,5.5,2.1,5,1,2,0,0
589,26,0,35.4,126,84,29.0,,4.7,1.7,1,0,1,1,0
590,68,0,28.4,104,96,,198.0,4.3,2.1,2,0,0,0,0
591,42,0,23.7,141,90,0.0,60.0,6.6,0.4,10,0,1,1,1
592,47,1,20.3,106,82,43.0,,6.8,1.5,6,0,0,0,1
593,30,1,28.5,123,78,,70.0,4.9,1.7,4,0,0,0,1
594,69,1,22.3,101,88,25.0,128.0,4.0,1.1,2,0,1,0,0
595,47,1,23.2,122,75,13.0,105.0,7.9,0.5,5,1,2,0,1
596,78,1,30.1,166,91,24.0,67.0,4.8,3.2,2,0,0,0,1
597,48,0,22.6,112,66,9.0,167.0,5.5,6.2,2,0,0,0,1
598,41,1,25.9,104,63,41.0,142.0,4.8,1.4,9,0,1,1,0
599,27,0,26.8,105,84,28.0,2.0,6.9,8.2,4,0,0,0,0
600,46,0,28.2,70,90,24.0,78.0,4.0,3.9,1,0,0,1,1
601,26,1,27.5,99,90,,,4.9,1.8,1,1,0,1,1
602,74,1,22.7,95,79,36.0,,6.9,0.3,2,0,0,1,1
603,33,0,28.1,70,81,9.0,140.0,6.3,1.5,8,0,2,0,0
604,32,1,23.7,85,85,0.0,,4.9,4.2,8,0,1,1,0
605,41,1,29.6,163,68,,55.0,6.1,4.2,5,0,0,1,1
606,21,0,21.5,100,81,22.0,153.0,6.8,0.5,10,0,0,0,0
607,77,1,26.4,93,80,36.0,1.0,4.2,3.7,1,0,0,0,0
608,67,0,22.2,92,74,38.0,85.0,7.6,4.3,3,0,0,1,1
609,39,1,22.3,100,81,,125.0,6.9,0.8,5,0,2,0,0
610,51,1,30.2,181,95,37.0,191.0,6.9,0.3,5,0,1,0,0
611,53,1,22.0,91,70,25.0,130.0,7.5,1.4,10,1,2,1,0
612,33,1,28.5,96,70,,195.0,6.0,4.2,8,0,2,0,0
613,73,1,20.7,110,75,17.0,275.0,6.0,4.7,4,0,0,0,0
614,79,1,25.8,70,70,32.0,255.0,4.9,10.6,2,0,1,0,0
615,54,0,27.8,70,85,24.0,,4.8,5.9,4,0,1,0,0
616,54,1,20.3,115,73,41.0,74.0,6.9,1.1,3,1,2,1,0
617,57,0,22.2,113,63,,,6.4,3.7,4,0,1,1,0
618,76,0,21.1,134,95,,141.0,6.8,1.3,3,0,0,0,1
619,50,0,25.6,114,84,,132.0,4.0,3.4,2,0,1,1,1
620,42,0,25.4,84,83,24.0,193.0,5.8,2.0,1,0,1,0,0
621,63,1,23.7,115,60,21.0,213.0,5.4,0.6,1,0,0,0,1
622,50,0,18.3,104,60,,134.0,5.2,0.1,4,0,1,0,0
623,34,1,18.0,104,65,0.0,99.0,5.8,4.4,1,1,1,0,0
624,70,0,18.0,96,75,43.0,49.0,4.0,5.9,3,0,1,1,1
625,56,1,21.8,120,97,11.0,99.0,6.9,1.8,6,0,2,0,0
626,42,1,18.0,70,84,31.0,153.0,6.1,1.7,3,1,0,1,0
627,67,0,28.8,85,71,36.0,77.0,5.6,0.7,10,1,1,1,1
628,28,0,25.6,70,73,35.0,237.0,4.0,0.8,10,0,1,0,0
629,20,1,27.9,85,78,4.0,211.0,4.0,4.2,5,1,1,0,0
630,72,1,23.9,85,88,44.0,75.0,4.0,0.2,2,0,1,0,0
631,57,0,19.9,149,92,12.0,133.0,7.0,0.1,5,0,2,0,1
632,46,0,21.9,96,99,12.0,37.0,5.7,3.8,5,0,0,1,1
633,27,0,18.0,117,87,10.0,82.0,4.2,3.0,7,0,0,0,0
634,65,1,21.1,78,60,32.0,219.0,6.2,3.9,7,0,0,1,0
635,33,1,19.6,127,83,24.0,119.0,5.9,4.9,8,0,1,1,0
636,69,0,34.0,96,84,15.0,111.0,5.3,6.5,1,0,1,0,0
637,77,1,23.4,70,76,34.0,,5.1,6.0,1,0,2,0,1
638,61,1,23.3,104,70,19.0,95.0,6.0,0.2,5,0,2,0,1
639,63,1,31.1,87,99,34.0,111.0,4.0,0.1,4,0,2,0,1
640,42,0,28.7,73,91,35.0,112.0,5.4,5.4,4,1,1,0,1
641,45,1,22.6,108,89,43.0,,6.4,0.9,5,0,2,0,0
642,56,1,29.3,115,66,25.0,144.0,5.5,2.1,2,0,2,0,0
643,36,1,32.2,114,98,20.0,190.0,5.0,0.9,7,0,0,1,0
644,71,0,21.4,106,72,38.0,49.0,4.3,5.8,10,1,0,1,1
645,36,0,26.5,142,78,15.0,105.0,5.3,2.3,4,0,0,0,1
646,67,0,31.4,161,104,24.0,85.0,6.3,3.4,4,1,0,0,1
647,42,0,20.1,70,75,,153.0,6.2,8.2,10,0,0,0,0
648,34,1,22.1,92,68,,,6.5,0.4,10,0,1,0,0
649,45,0,31.9,116,78,,,7.4,0.8,5,0,0,0,0
650,61,0,23.6,70,85,26.0,129.0,7.6,1.4,3,1,0,1,1
651,77,1,24.9,96,81,42.0,74.0,4.1,6.0,8,0,2,0,1
652,49,0,24.6,108,78,21.0,73.0,5.6,6.7,9,0,0,0,0
653,56,1,22.3,132,82,14.0,,5.3,0.2,7,0,1,0,1
654,75,0,18.2,113,90,31.0,149.0,5.6,2.1,8,0,0,0,1
655,38,1,27.6,100,75,40.0,,5.3,1.4,5,1,2,0,1
656,33,0,24.4,110,86,13.0,,5.7,1.4,2,1,0,0,0
657,63,0,24.5,73,71,30.0,,5.0,6.5,7,0,1,1,0
658,53,0,20.6,140,60,17.0,,5.0,0.2,2,0,1,0,1
659,71,1,26.0,138,73,21.0,0.0,5.4,3.6,2,0,1,0,0
660,20,1,28.6,103,68,,159.0,4.9,2.1,2,0,0,1,1
661,62,0,21.9,162,95,35.0,206.0,5.6,10.0,2,0,2,0,1
662,28,0,20.7,130,91,33.0,142.0,5.8,1.7,9,1,0,1,0
663,66,0,20.6,98,66,21.0,39.0,4.0,15.0,4,0,1,0,1
664,63,1,29.2,139,83,18.0,50.0,6.0,0.3,4,0,1,1,1
665,26,1,30.6,94,80,25.0,64.0,5.6,2.7,1,1,0,0,1
666,70,1,33.0,116,60,21.0,,7.2,1.0,9,1,0,1,1
667,23,1,25.2,95,60,15.0,,6.0,8.3,1,1,0,0,1
668,28,0,22.2,160,70,,,4.6,4.8,5,0,0,1,1
669,29,0,21.8,152,92,33.0,113.0,7.3,1.7,5,1,2,0,0
670,72,0,22.6,90,100,34.0,95.0,6.1,4.1,8,0,1,0,1
671,29,1,24.1,113,73,17.0,78.0,7.1,0.6,8,1,2,0,1
672,71,0,24.0,126,80,15.0,83.0,4.0,6.3,8,0,1,0,0
673,30,0,24.4,133,79,33.0,78.0,5.0,0.0,4,0,1,0,0
674,53,0,24.8,88,79,17.0,125.0,6.7,3.4,1,1,1,1,1
675,70,0,24.6,108,86,13.0,206.0,4.0,5.8,6,0,1,0,1
676,34,0,23.0,104,93,31.0,94.0,4.0,2.9,5,0,1,0,0
677,22,0,23.5,92,84,47.0,,6.1,2.1,1,0,0,0,1
678,62,1,22.5,138,60,,124.0,5.3,0.8,9,0,2,0,1
679,61,0,22.9,104,90,11.0,240.0,6.9,2.4,9,0,1,0,0
680,45,0,26.7,75,76,43.0,80.0,6.4,1.7,10,0,0,0,0
681,64,1,30.6,96,88,32.0,82.0,4.0,2.7,3,0,1,0,0
682,76,1,32.0,113,76,20.0,156.0,4.5,2.7,2,1,0,0,0
683,28,1,22.2,153,73,31.0,133.0,4.0,4.6,6,0,0,0,0
684,24,1,26.1,70,90,34.0,101.0,7.0,0.1,7,0,0,0,1
685,68,0,29.0,132,83,49.0,239.0,4.0,0.8,1,0,2,1,1
686,24,1,24.8,107,84,15.0,,6.0,5.9,10,0,1,0,0
687,44,1,24.7,70,79,40.0,83.0,5.2,2.4,9,0,2,0,0
688,36,1,19.1,95,77,25.0,125.0,6.3,2.3,1,0,0,0,1
689,72,0,23.6,107,73,38.0,113.0,5.0,2.8,8,0,0,1,1
690,54,1,29.7,114,64,18.0,189.0,6.5,1.6,5,1,0,1,1
691,31,1,22.4,70,67,15.0,137.0,5.5,6.6,9,0,1,0,0
692,24,0,25.4,73,60,24.0,103.0,7.6,3.2,7,0,0,0,0
693,75,0,21.1,119,79,27.0,70.0,5.9,0.0,9,1,2,0,1
694,29,0,25.2,145,79,,94.0,4.8,2.1,2,1,0,0,1
695,40,1,26.9,92,83,43.0,102.0,6.3,2.6,6,0,1,0,0
696,68,0,25.3,82,85,,12.0,5.8,2.3,7,0,0,1,0
697,62,0,23.9,111,97,29.0,130.0,5.4,1.7,9,0,0,0,1
698,26,1,18.0,96,72,,32.0,4.8,2.1,1,0,0,0,0
699,39,1,24.4,144,97,28.0,0.0,6.5,0.3,2,1,2,1,1
700,20,0,29.6,134,71,,106.0,6.0,3.4,6,0,0,0,0
701,41,1,21.7,121,72,23.0,161.0,4.7,4.9,4,0,0,0,0
702,62,0,27.0,70,67,37.0,180.0,4.0,0.3,10,0,2,0,1
703,72,1,24.8,108,73,26.0,146.0,6.7,1.6,2,1,2,0,1
704,49,0,20.4,70,75,37.0,128.0,6.8,2.9,6,0,0,0,1
705,27,1,23.4,79,93,41.0,,5.9,3.0,3,1,0,0,0
706,34,1,28.3,98,81,27.0,62.0,5.2,2.3,3,0,0,0,0
707,70,1,30.7,131,104,29.0,116.0,4.0,1.5,10,0,1,0,1
708,22,1,24.4,72,76,31.0,,6.3,4.5,3,0,0,0,0
709,71,0,26.6,70,88,,56.0,4.6,1.3,1,0,0,0,0
710,29,0,18.0,85,89,30.0,222.0,6.4,0.3,8,0,0,0,1
711,31,0,25.0,124,73,,159.0,6.0,1.7,6,0,2,1,0
712,56,1,23.8,136,71,35.0,73.0,4.5,3.9,7,1,0,0,1
713,34,1,21.2,122,80,28.0,78.0,5.9,0.9,4,0,0,0,0
714,62,1,23.2,81,80,,222.0,6.8,1.7,10,1,1,0,1
715,60,0,26.8,106,85,29.0,,6.3,0.7,3,0,1,1,1
716,46,1,27.9,102,75,18.0,,6.7,0.3,7,0,0,0,0
717,24,1,23.4,132,76,29.0,67.0,5.0,2.9,5,0,1,0,0
718,78,0,25.7,87,66,,61.0,5.4,3.4,5,0,0,0,1
719,38,1,19.5,72,86,20.0,114.0,6.1,9.1,1,0,0,0,0
720,73,0,18.8,127,82,24.0,61.0,6.3,0.3,4,0,0,0,1
721,78,1,25.7,70,84,15.0,69.0,5.2,1.3,3,0,1,0,1
722,29,0,25.9,70,107,,50.0,5.7,6.5,2,0,1,1,0
723,25,0,18.1,116,84,17.0,211.0,4.7,2.3,7,0,0,0,1
724,35,1,30.2,133,80,23.0,,5.7,0.5,1,0,1,0,1
725,69,0,30.8,156,87,31.0,128.0,6.7,10.3,10,0,1,0,1
726,64,1,29.3,114,83,31.0,36.0,5.4,0.4,4,1,1,1,1
727,41,1,22.3,103,74,17.0,,4.1,0.1,6,0,0,1,0
728,51,0,32.0,83,60,30.0,219.0,4.0,11.3,5,0,0,0,1
729,66,0,28.2,100,73,,152.0,4.6,0.6,4,0,1,1,1
730,54,1,22.5,138,82,50.0,80.0,7.0,5.0,8,0,1,1,1
731,34,1,30.3,123,92,29.0,,6.8,11.3,10,1,1,0,0
732,74,1,18.9,95,60,15.0,49.0,6.5,1.4,2,0,2,0,1
733,24,1,20.7,114,84,25.0,167.0,5.5,1.6,3,0,0,0,0
734,60,1,28.2,122,71,23.0,75.0,4.0,2.3,1,0,1,1,1
735,49,1,24.8,102,79,12.0,60.0,6.4,0.0,3,0,1,0,1
736,75,1,21.6,86,60,,,6.2,3.7,10,1,0,1,1
737,77,0,24.8,74,86,42.0,154.0,4.2,3.5,7,0,0,0,0
738,42,1,25.5,118,67,29.0,49.0,7.6,15.0,6,0,2,0,0
739,67,1,26.5,156,65,,209.0,4.2,7.8,3,0,0,0,1
740,75,1,24.4,72,81,22.0,112.0,4.0,2.5,2,0,1,0,1
741,24,0,18.2,80,69,24.0,121.0,4.0,5.7,6,0,0,1,0
742,20,0,22.5,114,72,,10.0,5.1,2.1,7,0,0,0,0
743,28,0,22.3,106,62,,167.0,6.8,0.8,10,1,2,0,0
744,25,0,19.2,137,77,36.0,177.0,4.1,0.6,1,0,1,0,1
745,73,1,24.7,86,74,20.0,61.0,4.5,3.5,10,1,2,0,1
746,29,1,23.0,79,101,29.0,,5.7,0.8,8,1,1,0,0
747,74,1,25.7,84,77,33.0,91.0,6.6,2.5,9,0,1,1,1
748,55,0,30.3,88,60,30.0,52.0,4.3,0.7,7,0,1,0,0
749,77,1,28.1,70,89,13.0,111.0,7.0,3.4,3,0,2,0,0
750,30,0,26.7,98,78,32.0,,7.3,0.7,4,0,2,0,0
751,76,1,23.5,121,72,,42.0,4.0,1.1,8,0,2,1,0
752,27,1,24.7,127,82,26.0,137.0,5.3,0.5,10,0,1,0,0
753,72,1,24.3,86,85,22.0,55.0,8.9,0.1,10,0,0,0,1
754,57,1,32.7,113,78,37.0,155.0,4.3,0.2,9,0,2,1,1
755,21,0,28.1,112,73,36.0,76.0,6.5,1.2,6,0,2,0,0
756,28,0,23.6,141,72,27.0,138.0,5.9,1.5,10,1,1,0,0
757,37,0,26.5,155,60,27.0,97.0,5.6,0.2,5,0,1,0,1
758,79,0,27.4,89,60,18.0,228.0,6.0,0.0,2,1,1,0,0
759,38,0,24.1,107,75,8.0,69.0,7.2,7.9,2,1,2,0,1
760,21,1,18.4,106,86,15.0,83.0,5.1,0.5,7,0,1,0,0
761,50,1,22.9,89,82,36.0,131.0,5.7,1.0,3,0,2,0,0
762,66,0,21.6,85,90,36.0,115.0,6.3,2.6,7,1,2,0,0
763,41,0,31.7,141,79,21.0,214.0,6.2,1.1,7,0,0,0,1
764,22,1,28.0,101,81,31.0,,5.0,7.6,7,0,0,0,0
765,48,1,21.1,105,86,28.0,,6.1,1.1,8,1,0,0,0
766,73,0,24.7,70,78,,186.0,4.0,2.1,8,0,2,0,1
767,66,1,34.2,139,68,34.0,161.0,4.2,0.3,6,0,1,0,1
768,47,1,28.1,162,96,24.0,135.0,4.0,0.2,7,0,1,0,1
769,42,0,24.0,85,81,29.0,,5.2,1.8,10,0,1,0,0
770,67,0,26.3,134,79,,73.0,5.5,1.9,6,1,0,0,1
771,30,0,31.0,114,86,22.0,,6.0,8.3,4,0,0,0,0
772,68,1,22.3,91,92,25.0,43.0,4.0,3.8,9,0,0,1,1
773,23,0,23.6,110,75,31.0,134.0,4.8,3.2,7,0,2,0,1
774,20,0,27.8,110,64,35.0,88.0,5.3,0.0,7,1,0,0,0
775,49,0,21.7,146,92,26.0,69.0,4.5,0.9,1,0,1,0,1
776,44,0,20.9,109,69,,71.0,6.8,0.0,9,0,0,0,0
777,22,1,21.3,84,62,,,4.0,3.2,4,0,2,0,0
778,74,1,27.2,70,77,41.0,,7.5,0.4,3,1,0,0,1
779,67,1,22.6,118,101,10.0,94.0,4.9,1.0,2,0,1,0,1
780,24,1,20.6,121,63,40.0,,6.7,6.4,5,0,2,0,0
781,25,1,29.5,119,71,30.0,87.0,5.4,0.1,10,0,1,0,0
782,37,0,26.6,154,82,21.0,229.0,7.9,3.5,2,0,2,0,1
783,24,1,27.5,124,79,,84.0,5.0,2.4,5,0,0,1,0
784,58,1,29.5,117,68,21.0,210.0,4.9,0.7,5,1,0,1,0
785,50,0,23.4,106,82,28.0,49.0,4.0,2.1,1,1,2,0,1
786,37,1,23.8,91,89,33.0,168.0,4.1,2.8,10,0,0,1,1
787,26,0,26.5,74,75,,81.0,4.5,0.2,3,0,2,0,0
788,42,1,22.6,143,60,29.0,120.0,6.5,0.9,9,0,1,1,1
789,24,0,29.0,170,120,9.0,112.0,4.0,2.8,10,0,2,1,1
790,61,1,18.9,111,68,19.0,106.0,7.4,2.7,6,1,1,1,1
791,69,1,18.0,148,86,28.0,116.0,5.7,4.8,6,0,0,1,0
792,49,1,29.2,70,84,33.0,64.0,4.4,0.6,5,1,0,0,1
793,31,0,26.3,119,69,,180.0,4.7,1.1,5,0,1,0,1
794,41,0,18.0,95,81,12.0,,6.6,0.4,4,1,1,0,0
795,36,1,20.1,70,68,36.0,,5.3,3.5,4,1,1,0,0
796,34,1,18.8,124,79,27.0,,6.6,5.4,2,1,0,0,1
797,36,1,18.0,92,79,,193.0,4.7,0.1,7,1,2,0,1
798,23,0,20.4,99,82,41.0,,4.7,8.0,4,0,1,0,0
799,54,1,26.8,82,86,,180.0,5.4,4.4,7,0,0,0,1
800,47,1,18.9,70,81,45.0,180.0,5.7,1.6,1,1,1,1,1
